Total Nacional;Comunidades y Ciudades Autónomas;Provincias;Residencia del viajero;Periodo;Total
Total Nacional;;;Total ;2022;117.954.000
Total Nacional;;;Total ;2021;69.272.000
Total Nacional;;;Total ;2020;44.207.000
Total Nacional;;;Total ;2019;105.602.000
Total Nacional;;;Total ;2018;94.389.000
Total Nacional;;;Residentes en el Extranjero;2022;73.052.000
Total Nacional;;;Residentes en el Extranjero;2021;32.874.000
Total Nacional;;;Residentes en el Extranjero;2020;19.714.000
Total Nacional;;;Residentes en el Extranjero;2019;71.253.000
Total Nacional;;;Residentes en el Extranjero;2018;65.311.000
Total Nacional;;;Residentes en España;2022;44.902.000
Total Nacional;;;Residentes en España;2021;36.399.000
Total Nacional;;;Residentes en España;2020;24.493.000
Total Nacional;;;Residentes en España;2019;34.349.000
Total Nacional;;;Residentes en España;2018;29.078.000
Total Nacional;19 Melilla;;Total ;2022;1.000
Total Nacional;19 Melilla;;Total ;2021;3.000
Total Nacional;19 Melilla;;Total ;2020;3.000
Total Nacional;19 Melilla;;Total ;2019;7.000
Total Nacional;19 Melilla;;Total ;2018;3.000
Total Nacional;19 Melilla;;Residentes en el Extranjero;2022;..
Total Nacional;19 Melilla;;Residentes en el Extranjero;2021;..
Total Nacional;19 Melilla;;Residentes en el Extranjero;2020;..
Total Nacional;19 Melilla;;Residentes en el Extranjero;2019;2.000
Total Nacional;19 Melilla;;Residentes en el Extranjero;2018;1.000
Total Nacional;19 Melilla;;Residentes en España;2022;..
Total Nacional;19 Melilla;;Residentes en España;2021;2.000
Total Nacional;19 Melilla;;Residentes en España;2020;3.000
Total Nacional;19 Melilla;;Residentes en España;2019;5.000
Total Nacional;19 Melilla;;Residentes en España;2018;2.000
Total Nacional;19 Melilla;52 Melilla;Total ;2022;6.000
Total Nacional;19 Melilla;52 Melilla;Total ;2021;3.000
Total Nacional;19 Melilla;52 Melilla;Total ;2020;3.000
Total Nacional;19 Melilla;52 Melilla;Total ;2019;7.000
Total Nacional;19 Melilla;52 Melilla;Total ;2018;3.000
Total Nacional;19 Melilla;52 Melilla;Residentes en el Extranjero;2022;2.000
Total Nacional;19 Melilla;52 Melilla;Residentes en el Extranjero;2021;..
Total Nacional;19 Melilla;52 Melilla;Residentes en el Extranjero;2020;..
Total Nacional;19 Melilla;52 Melilla;Residentes en el Extranjero;2019;2.000
Total Nacional;19 Melilla;52 Melilla;Residentes en el Extranjero;2018;1.000
Total Nacional;19 Melilla;52 Melilla;Residentes en España;2022;5.000
Total Nacional;19 Melilla;52 Melilla;Residentes en España;2021;2.000
Total Nacional;19 Melilla;52 Melilla;Residentes en España;2020;3.000
Total Nacional;19 Melilla;52 Melilla;Residentes en España;2019;5.000
Total Nacional;19 Melilla;52 Melilla;Residentes en España;2018;2.000
Total Nacional;18 Ceuta;;Total ;2022;3.000
Total Nacional;18 Ceuta;;Total ;2021;3.000
Total Nacional;18 Ceuta;;Total ;2020;5.000
Total Nacional;18 Ceuta;;Total ;2019;14.000
Total Nacional;18 Ceuta;;Total ;2018;12.000
Total Nacional;18 Ceuta;;Residentes en el Extranjero;2022;..
Total Nacional;18 Ceuta;;Residentes en el Extranjero;2021;..
Total Nacional;18 Ceuta;;Residentes en el Extranjero;2020;2.000
Total Nacional;18 Ceuta;;Residentes en el Extranjero;2019;8.000
Total Nacional;18 Ceuta;;Residentes en el Extranjero;2018;7.000
Total Nacional;18 Ceuta;;Residentes en España;2022;..
Total Nacional;18 Ceuta;;Residentes en España;2021;3.000
Total Nacional;18 Ceuta;;Residentes en España;2020;3.000
Total Nacional;18 Ceuta;;Residentes en España;2019;6.000
Total Nacional;18 Ceuta;;Residentes en España;2018;5.000
Total Nacional;18 Ceuta;51 Ceuta;Total ;2022;7.000
Total Nacional;18 Ceuta;51 Ceuta;Total ;2021;3.000
Total Nacional;18 Ceuta;51 Ceuta;Total ;2020;5.000
Total Nacional;18 Ceuta;51 Ceuta;Total ;2019;14.000
Total Nacional;18 Ceuta;51 Ceuta;Total ;2018;12.000
Total Nacional;18 Ceuta;51 Ceuta;Residentes en el Extranjero;2022;2.000
Total Nacional;18 Ceuta;51 Ceuta;Residentes en el Extranjero;2021;..
Total Nacional;18 Ceuta;51 Ceuta;Residentes en el Extranjero;2020;2.000
Total Nacional;18 Ceuta;51 Ceuta;Residentes en el Extranjero;2019;8.000
Total Nacional;18 Ceuta;51 Ceuta;Residentes en el Extranjero;2018;7.000
Total Nacional;18 Ceuta;51 Ceuta;Residentes en España;2022;4.000
Total Nacional;18 Ceuta;51 Ceuta;Residentes en España;2021;3.000
Total Nacional;18 Ceuta;51 Ceuta;Residentes en España;2020;3.000
Total Nacional;18 Ceuta;51 Ceuta;Residentes en España;2019;6.000
Total Nacional;18 Ceuta;51 Ceuta;Residentes en España;2018;5.000
Total Nacional;17 Rioja, La;;Total ;2022;458.000
Total Nacional;17 Rioja, La;;Total ;2021;272.000
Total Nacional;17 Rioja, La;;Total ;2020;157.000
Total Nacional;17 Rioja, La;;Total ;2019;371.000
Total Nacional;17 Rioja, La;;Total ;2018;289.000
Total Nacional;17 Rioja, La;;Residentes en el Extranjero;2022;74.000
Total Nacional;17 Rioja, La;;Residentes en el Extranjero;2021;31.000
Total Nacional;17 Rioja, La;;Residentes en el Extranjero;2020;16.000
Total Nacional;17 Rioja, La;;Residentes en el Extranjero;2019;66.000
Total Nacional;17 Rioja, La;;Residentes en el Extranjero;2018;55.000
Total Nacional;17 Rioja, La;;Residentes en España;2022;383.000
Total Nacional;17 Rioja, La;;Residentes en España;2021;241.000
Total Nacional;17 Rioja, La;;Residentes en España;2020;142.000
Total Nacional;17 Rioja, La;;Residentes en España;2019;306.000
Total Nacional;17 Rioja, La;;Residentes en España;2018;234.000
Total Nacional;17 Rioja, La;26 Rioja, La;Total ;2022;457.000
Total Nacional;17 Rioja, La;26 Rioja, La;Total ;2021;272.000
Total Nacional;17 Rioja, La;26 Rioja, La;Total ;2020;157.000
Total Nacional;17 Rioja, La;26 Rioja, La;Total ;2019;371.000
Total Nacional;17 Rioja, La;26 Rioja, La;Total ;2018;289.000
Total Nacional;17 Rioja, La;26 Rioja, La;Residentes en el Extranjero;2022;75.000
Total Nacional;17 Rioja, La;26 Rioja, La;Residentes en el Extranjero;2021;31.000
Total Nacional;17 Rioja, La;26 Rioja, La;Residentes en el Extranjero;2020;16.000
Total Nacional;17 Rioja, La;26 Rioja, La;Residentes en el Extranjero;2019;66.000
Total Nacional;17 Rioja, La;26 Rioja, La;Residentes en el Extranjero;2018;55.000
Total Nacional;17 Rioja, La;26 Rioja, La;Residentes en España;2022;383.000
Total Nacional;17 Rioja, La;26 Rioja, La;Residentes en España;2021;241.000
Total Nacional;17 Rioja, La;26 Rioja, La;Residentes en España;2020;142.000
Total Nacional;17 Rioja, La;26 Rioja, La;Residentes en España;2019;306.000
Total Nacional;17 Rioja, La;26 Rioja, La;Residentes en España;2018;234.000
Total Nacional;16 País Vasco;;Total ;2022;1.901.000
Total Nacional;16 País Vasco;;Total ;2021;1.082.000
Total Nacional;16 País Vasco;;Total ;2020;683.000
Total Nacional;16 País Vasco;;Total ;2019;1.749.000
Total Nacional;16 País Vasco;;Total ;2018;1.543.000
Total Nacional;16 País Vasco;;Residentes en el Extranjero;2022;1.072.000
Total Nacional;16 País Vasco;;Residentes en el Extranjero;2021;392.000
Total Nacional;16 País Vasco;;Residentes en el Extranjero;2020;236.000
Total Nacional;16 País Vasco;;Residentes en el Extranjero;2019;1.030.000
Total Nacional;16 País Vasco;;Residentes en el Extranjero;2018;929.000
Total Nacional;16 País Vasco;;Residentes en España;2022;830.000
Total Nacional;16 País Vasco;;Residentes en España;2021;690.000
Total Nacional;16 País Vasco;;Residentes en España;2020;447.000
Total Nacional;16 País Vasco;;Residentes en España;2019;719.000
Total Nacional;16 País Vasco;;Residentes en España;2018;614.000
Total Nacional;16 País Vasco;48 Bizkaia;Total ;2022;876.000
Total Nacional;16 País Vasco;48 Bizkaia;Total ;2021;463.000
Total Nacional;16 País Vasco;48 Bizkaia;Total ;2020;293.000
Total Nacional;16 País Vasco;48 Bizkaia;Total ;2019;708.000
Total Nacional;16 País Vasco;48 Bizkaia;Total ;2018;569.000
Total Nacional;16 País Vasco;48 Bizkaia;Residentes en el Extranjero;2022;456.000
Total Nacional;16 País Vasco;48 Bizkaia;Residentes en el Extranjero;2021;153.000
Total Nacional;16 País Vasco;48 Bizkaia;Residentes en el Extranjero;2020;89.000
Total Nacional;16 País Vasco;48 Bizkaia;Residentes en el Extranjero;2019;389.000
Total Nacional;16 País Vasco;48 Bizkaia;Residentes en el Extranjero;2018;322.000
Total Nacional;16 País Vasco;48 Bizkaia;Residentes en España;2022;420.000
Total Nacional;16 País Vasco;48 Bizkaia;Residentes en España;2021;311.000
Total Nacional;16 País Vasco;48 Bizkaia;Residentes en España;2020;204.000
Total Nacional;16 País Vasco;48 Bizkaia;Residentes en España;2019;319.000
Total Nacional;16 País Vasco;48 Bizkaia;Residentes en España;2018;248.000
Total Nacional;16 País Vasco;20 Gipuzkoa;Total ;2022;929.000
Total Nacional;16 País Vasco;20 Gipuzkoa;Total ;2021;555.000
Total Nacional;16 País Vasco;20 Gipuzkoa;Total ;2020;352.000
Total Nacional;16 País Vasco;20 Gipuzkoa;Total ;2019;953.000
Total Nacional;16 País Vasco;20 Gipuzkoa;Total ;2018;894.000
Total Nacional;16 País Vasco;20 Gipuzkoa;Residentes en el Extranjero;2022;588.000
Total Nacional;16 País Vasco;20 Gipuzkoa;Residentes en el Extranjero;2021;230.000
Total Nacional;16 País Vasco;20 Gipuzkoa;Residentes en el Extranjero;2020;142.000
Total Nacional;16 País Vasco;20 Gipuzkoa;Residentes en el Extranjero;2019;619.000
Total Nacional;16 País Vasco;20 Gipuzkoa;Residentes en el Extranjero;2018;585.000
Total Nacional;16 País Vasco;20 Gipuzkoa;Residentes en España;2022;342.000
Total Nacional;16 País Vasco;20 Gipuzkoa;Residentes en España;2021;325.000
Total Nacional;16 País Vasco;20 Gipuzkoa;Residentes en España;2020;210.000
Total Nacional;16 País Vasco;20 Gipuzkoa;Residentes en España;2019;334.000
Total Nacional;16 País Vasco;20 Gipuzkoa;Residentes en España;2018;309.000
Total Nacional;16 País Vasco;01 Araba/Álava;Total ;2022;95.000
Total Nacional;16 País Vasco;01 Araba/Álava;Total ;2021;64.000
Total Nacional;16 País Vasco;01 Araba/Álava;Total ;2020;38.000
Total Nacional;16 País Vasco;01 Araba/Álava;Total ;2019;88.000
Total Nacional;16 País Vasco;01 Araba/Álava;Total ;2018;80.000
Total Nacional;16 País Vasco;01 Araba/Álava;Residentes en el Extranjero;2022;27.000
Total Nacional;16 País Vasco;01 Araba/Álava;Residentes en el Extranjero;2021;10.000
Total Nacional;16 País Vasco;01 Araba/Álava;Residentes en el Extranjero;2020;5.000
Total Nacional;16 País Vasco;01 Araba/Álava;Residentes en el Extranjero;2019;22.000
Total Nacional;16 País Vasco;01 Araba/Álava;Residentes en el Extranjero;2018;22.000
Total Nacional;16 País Vasco;01 Araba/Álava;Residentes en España;2022;68.000
Total Nacional;16 País Vasco;01 Araba/Álava;Residentes en España;2021;54.000
Total Nacional;16 País Vasco;01 Araba/Álava;Residentes en España;2020;33.000
Total Nacional;16 País Vasco;01 Araba/Álava;Residentes en España;2019;66.000
Total Nacional;16 País Vasco;01 Araba/Álava;Residentes en España;2018;58.000
Total Nacional;15 Navarra, Comunidad Foral de;;Total ;2022;455.000
Total Nacional;15 Navarra, Comunidad Foral de;;Total ;2021;282.000
Total Nacional;15 Navarra, Comunidad Foral de;;Total ;2020;175.000
Total Nacional;15 Navarra, Comunidad Foral de;;Total ;2019;371.000
Total Nacional;15 Navarra, Comunidad Foral de;;Total ;2018;292.000
Total Nacional;15 Navarra, Comunidad Foral de;;Residentes en el Extranjero;2022;143.000
Total Nacional;15 Navarra, Comunidad Foral de;;Residentes en el Extranjero;2021;54.000
Total Nacional;15 Navarra, Comunidad Foral de;;Residentes en el Extranjero;2020;31.000
Total Nacional;15 Navarra, Comunidad Foral de;;Residentes en el Extranjero;2019;129.000
Total Nacional;15 Navarra, Comunidad Foral de;;Residentes en el Extranjero;2018;105.000
Total Nacional;15 Navarra, Comunidad Foral de;;Residentes en España;2022;314.000
Total Nacional;15 Navarra, Comunidad Foral de;;Residentes en España;2021;228.000
Total Nacional;15 Navarra, Comunidad Foral de;;Residentes en España;2020;144.000
Total Nacional;15 Navarra, Comunidad Foral de;;Residentes en España;2019;242.000
Total Nacional;15 Navarra, Comunidad Foral de;;Residentes en España;2018;187.000
Total Nacional;15 Navarra, Comunidad Foral de;31 Navarra;Total ;2022;456.000
Total Nacional;15 Navarra, Comunidad Foral de;31 Navarra;Total ;2021;282.000
Total Nacional;15 Navarra, Comunidad Foral de;31 Navarra;Total ;2020;175.000
Total Nacional;15 Navarra, Comunidad Foral de;31 Navarra;Total ;2019;371.000
Total Nacional;15 Navarra, Comunidad Foral de;31 Navarra;Total ;2018;292.000
Total Nacional;15 Navarra, Comunidad Foral de;31 Navarra;Residentes en el Extranjero;2022;142.000
Total Nacional;15 Navarra, Comunidad Foral de;31 Navarra;Residentes en el Extranjero;2021;54.000
Total Nacional;15 Navarra, Comunidad Foral de;31 Navarra;Residentes en el Extranjero;2020;31.000
Total Nacional;15 Navarra, Comunidad Foral de;31 Navarra;Residentes en el Extranjero;2019;129.000
Total Nacional;15 Navarra, Comunidad Foral de;31 Navarra;Residentes en el Extranjero;2018;105.000
Total Nacional;15 Navarra, Comunidad Foral de;31 Navarra;Residentes en España;2022;314.000
Total Nacional;15 Navarra, Comunidad Foral de;31 Navarra;Residentes en España;2021;228.000
Total Nacional;15 Navarra, Comunidad Foral de;31 Navarra;Residentes en España;2020;144.000
Total Nacional;15 Navarra, Comunidad Foral de;31 Navarra;Residentes en España;2019;242.000
Total Nacional;15 Navarra, Comunidad Foral de;31 Navarra;Residentes en España;2018;187.000
Total Nacional;14 Murcia, Región de;;Total ;2022;1.367.000
Total Nacional;14 Murcia, Región de;;Total ;2021;932.000
Total Nacional;14 Murcia, Región de;;Total ;2020;604.000
Total Nacional;14 Murcia, Región de;;Total ;2019;1.289.000
Total Nacional;14 Murcia, Región de;;Total ;2018;1.144.000
Total Nacional;14 Murcia, Región de;;Residentes en el Extranjero;2022;628.000
Total Nacional;14 Murcia, Región de;;Residentes en el Extranjero;2021;280.000
Total Nacional;14 Murcia, Región de;;Residentes en el Extranjero;2020;172.000
Total Nacional;14 Murcia, Región de;;Residentes en el Extranjero;2019;656.000
Total Nacional;14 Murcia, Región de;;Residentes en el Extranjero;2018;619.000
Total Nacional;14 Murcia, Región de;;Residentes en España;2022;741.000
Total Nacional;14 Murcia, Región de;;Residentes en España;2021;652.000
Total Nacional;14 Murcia, Región de;;Residentes en España;2020;432.000
Total Nacional;14 Murcia, Región de;;Residentes en España;2019;634.000
Total Nacional;14 Murcia, Región de;;Residentes en España;2018;525.000
Total Nacional;14 Murcia, Región de;30 Murcia;Total ;2022;1.369.000
Total Nacional;14 Murcia, Región de;30 Murcia;Total ;2021;932.000
Total Nacional;14 Murcia, Región de;30 Murcia;Total ;2020;604.000
Total Nacional;14 Murcia, Región de;30 Murcia;Total ;2019;1.289.000
Total Nacional;14 Murcia, Región de;30 Murcia;Total ;2018;1.144.000
Total Nacional;14 Murcia, Región de;30 Murcia;Residentes en el Extranjero;2022;627.000
Total Nacional;14 Murcia, Región de;30 Murcia;Residentes en el Extranjero;2021;280.000
Total Nacional;14 Murcia, Región de;30 Murcia;Residentes en el Extranjero;2020;172.000
Total Nacional;14 Murcia, Región de;30 Murcia;Residentes en el Extranjero;2019;656.000
Total Nacional;14 Murcia, Región de;30 Murcia;Residentes en el Extranjero;2018;619.000
Total Nacional;14 Murcia, Región de;30 Murcia;Residentes en España;2022;742.000
Total Nacional;14 Murcia, Región de;30 Murcia;Residentes en España;2021;652.000
Total Nacional;14 Murcia, Región de;30 Murcia;Residentes en España;2020;432.000
Total Nacional;14 Murcia, Región de;30 Murcia;Residentes en España;2019;634.000
Total Nacional;14 Murcia, Región de;30 Murcia;Residentes en España;2018;525.000
Total Nacional;13 Madrid, Comunidad de;;Total ;2022;7.573.000
Total Nacional;13 Madrid, Comunidad de;;Total ;2021;3.861.000
Total Nacional;13 Madrid, Comunidad de;;Total ;2020;2.667.000
Total Nacional;13 Madrid, Comunidad de;;Total ;2019;8.225.000
Total Nacional;13 Madrid, Comunidad de;;Total ;2018;7.257.000
Total Nacional;13 Madrid, Comunidad de;;Residentes en el Extranjero;2022;5.205.000
Total Nacional;13 Madrid, Comunidad de;;Residentes en el Extranjero;2021;2.182.000
Total Nacional;13 Madrid, Comunidad de;;Residentes en el Extranjero;2020;1.479.000
Total Nacional;13 Madrid, Comunidad de;;Residentes en el Extranjero;2019;5.976.000
Total Nacional;13 Madrid, Comunidad de;;Residentes en el Extranjero;2018;5.158.000
Total Nacional;13 Madrid, Comunidad de;;Residentes en España;2022;2.364.000
Total Nacional;13 Madrid, Comunidad de;;Residentes en España;2021;1.679.000
Total Nacional;13 Madrid, Comunidad de;;Residentes en España;2020;1.188.000
Total Nacional;13 Madrid, Comunidad de;;Residentes en España;2019;2.249.000
Total Nacional;13 Madrid, Comunidad de;;Residentes en España;2018;2.099.000
Total Nacional;13 Madrid, Comunidad de;28 Madrid;Total ;2022;7.571.000
Total Nacional;13 Madrid, Comunidad de;28 Madrid;Total ;2021;3.861.000
Total Nacional;13 Madrid, Comunidad de;28 Madrid;Total ;2020;2.667.000
Total Nacional;13 Madrid, Comunidad de;28 Madrid;Total ;2019;8.225.000
Total Nacional;13 Madrid, Comunidad de;28 Madrid;Total ;2018;7.257.000
Total Nacional;13 Madrid, Comunidad de;28 Madrid;Residentes en el Extranjero;2022;5.206.000
Total Nacional;13 Madrid, Comunidad de;28 Madrid;Residentes en el Extranjero;2021;2.182.000
Total Nacional;13 Madrid, Comunidad de;28 Madrid;Residentes en el Extranjero;2020;1.479.000
Total Nacional;13 Madrid, Comunidad de;28 Madrid;Residentes en el Extranjero;2019;5.976.000
Total Nacional;13 Madrid, Comunidad de;28 Madrid;Residentes en el Extranjero;2018;5.158.000
Total Nacional;13 Madrid, Comunidad de;28 Madrid;Residentes en España;2022;2.365.000
Total Nacional;13 Madrid, Comunidad de;28 Madrid;Residentes en España;2021;1.679.000
Total Nacional;13 Madrid, Comunidad de;28 Madrid;Residentes en España;2020;1.188.000
Total Nacional;13 Madrid, Comunidad de;28 Madrid;Residentes en España;2019;2.249.000
Total Nacional;13 Madrid, Comunidad de;28 Madrid;Residentes en España;2018;2.099.000
Total Nacional;12 Galicia;;Total ;2022;3.722.000
Total Nacional;12 Galicia;;Total ;2021;2.428.000
Total Nacional;12 Galicia;;Total ;2020;1.442.000
Total Nacional;12 Galicia;;Total ;2019;2.408.000
Total Nacional;12 Galicia;;Total ;2018;1.724.000
Total Nacional;12 Galicia;;Residentes en el Extranjero;2022;895.000
Total Nacional;12 Galicia;;Residentes en el Extranjero;2021;306.000
Total Nacional;12 Galicia;;Residentes en el Extranjero;2020;142.000
Total Nacional;12 Galicia;;Residentes en el Extranjero;2019;655.000
Total Nacional;12 Galicia;;Residentes en el Extranjero;2018;499.000
Total Nacional;12 Galicia;;Residentes en España;2022;2.829.000
Total Nacional;12 Galicia;;Residentes en España;2021;2.122.000
Total Nacional;12 Galicia;;Residentes en España;2020;1.300.000
Total Nacional;12 Galicia;;Residentes en España;2019;1.752.000
Total Nacional;12 Galicia;;Residentes en España;2018;1.225.000
Total Nacional;12 Galicia;36 Pontevedra;Total ;2022;1.569.000
Total Nacional;12 Galicia;36 Pontevedra;Total ;2021;1.011.000
Total Nacional;12 Galicia;36 Pontevedra;Total ;2020;613.000
Total Nacional;12 Galicia;36 Pontevedra;Total ;2019;964.000
Total Nacional;12 Galicia;36 Pontevedra;Total ;2018;685.000
Total Nacional;12 Galicia;36 Pontevedra;Residentes en el Extranjero;2022;384.000
Total Nacional;12 Galicia;36 Pontevedra;Residentes en el Extranjero;2021;127.000
Total Nacional;12 Galicia;36 Pontevedra;Residentes en el Extranjero;2020;55.000
Total Nacional;12 Galicia;36 Pontevedra;Residentes en el Extranjero;2019;255.000
Total Nacional;12 Galicia;36 Pontevedra;Residentes en el Extranjero;2018;189.000
Total Nacional;12 Galicia;36 Pontevedra;Residentes en España;2022;1.186.000
Total Nacional;12 Galicia;36 Pontevedra;Residentes en España;2021;884.000
Total Nacional;12 Galicia;36 Pontevedra;Residentes en España;2020;558.000
Total Nacional;12 Galicia;36 Pontevedra;Residentes en España;2019;709.000
Total Nacional;12 Galicia;36 Pontevedra;Residentes en España;2018;496.000
Total Nacional;12 Galicia;32 Ourense;Total ;2022;190.000
Total Nacional;12 Galicia;32 Ourense;Total ;2021;123.000
Total Nacional;12 Galicia;32 Ourense;Total ;2020;73.000
Total Nacional;12 Galicia;32 Ourense;Total ;2019;114.000
Total Nacional;12 Galicia;32 Ourense;Total ;2018;77.000
Total Nacional;12 Galicia;32 Ourense;Residentes en el Extranjero;2022;30.000
Total Nacional;12 Galicia;32 Ourense;Residentes en el Extranjero;2021;11.000
Total Nacional;12 Galicia;32 Ourense;Residentes en el Extranjero;2020;9.000
Total Nacional;12 Galicia;32 Ourense;Residentes en el Extranjero;2019;21.000
Total Nacional;12 Galicia;32 Ourense;Residentes en el Extranjero;2018;16.000
Total Nacional;12 Galicia;32 Ourense;Residentes en España;2022;160.000
Total Nacional;12 Galicia;32 Ourense;Residentes en España;2021;112.000
Total Nacional;12 Galicia;32 Ourense;Residentes en España;2020;65.000
Total Nacional;12 Galicia;32 Ourense;Residentes en España;2019;93.000
Total Nacional;12 Galicia;32 Ourense;Residentes en España;2018;61.000
Total Nacional;12 Galicia;27 Lugo;Total ;2022;497.000
Total Nacional;12 Galicia;27 Lugo;Total ;2021;350.000
Total Nacional;12 Galicia;27 Lugo;Total ;2020;177.000
Total Nacional;12 Galicia;27 Lugo;Total ;2019;296.000
Total Nacional;12 Galicia;27 Lugo;Total ;2018;206.000
Total Nacional;12 Galicia;27 Lugo;Residentes en el Extranjero;2022;64.000
Total Nacional;12 Galicia;27 Lugo;Residentes en el Extranjero;2021;24.000
Total Nacional;12 Galicia;27 Lugo;Residentes en el Extranjero;2020;10.000
Total Nacional;12 Galicia;27 Lugo;Residentes en el Extranjero;2019;45.000
Total Nacional;12 Galicia;27 Lugo;Residentes en el Extranjero;2018;33.000
Total Nacional;12 Galicia;27 Lugo;Residentes en España;2022;433.000
Total Nacional;12 Galicia;27 Lugo;Residentes en España;2021;325.000
Total Nacional;12 Galicia;27 Lugo;Residentes en España;2020;167.000
Total Nacional;12 Galicia;27 Lugo;Residentes en España;2019;251.000
Total Nacional;12 Galicia;27 Lugo;Residentes en España;2018;173.000
Total Nacional;12 Galicia;15 Coruña, A;Total ;2022;1.465.000
Total Nacional;12 Galicia;15 Coruña, A;Total ;2021;944.000
Total Nacional;12 Galicia;15 Coruña, A;Total ;2020;579.000
Total Nacional;12 Galicia;15 Coruña, A;Total ;2019;1.034.000
Total Nacional;12 Galicia;15 Coruña, A;Total ;2018;757.000
Total Nacional;12 Galicia;15 Coruña, A;Residentes en el Extranjero;2022;415.000
Total Nacional;12 Galicia;15 Coruña, A;Residentes en el Extranjero;2021;144.000
Total Nacional;12 Galicia;15 Coruña, A;Residentes en el Extranjero;2020;68.000
Total Nacional;12 Galicia;15 Coruña, A;Residentes en el Extranjero;2019;334.000
Total Nacional;12 Galicia;15 Coruña, A;Residentes en el Extranjero;2018;261.000
Total Nacional;12 Galicia;15 Coruña, A;Residentes en España;2022;1.050.000
Total Nacional;12 Galicia;15 Coruña, A;Residentes en España;2021;801.000
Total Nacional;12 Galicia;15 Coruña, A;Residentes en España;2020;510.000
Total Nacional;12 Galicia;15 Coruña, A;Residentes en España;2019;700.000
Total Nacional;12 Galicia;15 Coruña, A;Residentes en España;2018;496.000
Total Nacional;11 Extremadura;;Total ;2022;573.000
Total Nacional;11 Extremadura;;Total ;2021;342.000
Total Nacional;11 Extremadura;;Total ;2020;218.000
Total Nacional;11 Extremadura;;Total ;2019;390.000
Total Nacional;11 Extremadura;;Total ;2018;321.000
Total Nacional;11 Extremadura;;Residentes en el Extranjero;2022;81.000
Total Nacional;11 Extremadura;;Residentes en el Extranjero;2021;29.000
Total Nacional;11 Extremadura;;Residentes en el Extranjero;2020;17.000
Total Nacional;11 Extremadura;;Residentes en el Extranjero;2019;61.000
Total Nacional;11 Extremadura;;Residentes en el Extranjero;2018;52.000
Total Nacional;11 Extremadura;;Residentes en España;2022;493.000
Total Nacional;11 Extremadura;;Residentes en España;2021;313.000
Total Nacional;11 Extremadura;;Residentes en España;2020;201.000
Total Nacional;11 Extremadura;;Residentes en España;2019;329.000
Total Nacional;11 Extremadura;;Residentes en España;2018;269.000
Total Nacional;11 Extremadura;10 Cáceres;Total ;2022;398.000
Total Nacional;11 Extremadura;10 Cáceres;Total ;2021;247.000
Total Nacional;11 Extremadura;10 Cáceres;Total ;2020;150.000
Total Nacional;11 Extremadura;10 Cáceres;Total ;2019;267.000
Total Nacional;11 Extremadura;10 Cáceres;Total ;2018;220.000
Total Nacional;11 Extremadura;10 Cáceres;Residentes en el Extranjero;2022;49.000
Total Nacional;11 Extremadura;10 Cáceres;Residentes en el Extranjero;2021;18.000
Total Nacional;11 Extremadura;10 Cáceres;Residentes en el Extranjero;2020;9.000
Total Nacional;11 Extremadura;10 Cáceres;Residentes en el Extranjero;2019;36.000
Total Nacional;11 Extremadura;10 Cáceres;Residentes en el Extranjero;2018;32.000
Total Nacional;11 Extremadura;10 Cáceres;Residentes en España;2022;349.000
Total Nacional;11 Extremadura;10 Cáceres;Residentes en España;2021;229.000
Total Nacional;11 Extremadura;10 Cáceres;Residentes en España;2020;141.000
Total Nacional;11 Extremadura;10 Cáceres;Residentes en España;2019;232.000
Total Nacional;11 Extremadura;10 Cáceres;Residentes en España;2018;188.000
Total Nacional;11 Extremadura;06 Badajoz;Total ;2022;173.000
Total Nacional;11 Extremadura;06 Badajoz;Total ;2021;95.000
Total Nacional;11 Extremadura;06 Badajoz;Total ;2020;68.000
Total Nacional;11 Extremadura;06 Badajoz;Total ;2019;123.000
Total Nacional;11 Extremadura;06 Badajoz;Total ;2018;100.000
Total Nacional;11 Extremadura;06 Badajoz;Residentes en el Extranjero;2022;30.000
Total Nacional;11 Extremadura;06 Badajoz;Residentes en el Extranjero;2021;11.000
Total Nacional;11 Extremadura;06 Badajoz;Residentes en el Extranjero;2020;8.000
Total Nacional;11 Extremadura;06 Badajoz;Residentes en el Extranjero;2019;25.000
Total Nacional;11 Extremadura;06 Badajoz;Residentes en el Extranjero;2018;20.000
Total Nacional;11 Extremadura;06 Badajoz;Residentes en España;2022;143.000
Total Nacional;11 Extremadura;06 Badajoz;Residentes en España;2021;84.000
Total Nacional;11 Extremadura;06 Badajoz;Residentes en España;2020;60.000
Total Nacional;11 Extremadura;06 Badajoz;Residentes en España;2019;98.000
Total Nacional;11 Extremadura;06 Badajoz;Residentes en España;2018;81.000
Total Nacional;10 Comunitat Valenciana;;Total ;2022;17.216.000
Total Nacional;10 Comunitat Valenciana;;Total ;2021;10.618.000
Total Nacional;10 Comunitat Valenciana;;Total ;2020;6.673.000
Total Nacional;10 Comunitat Valenciana;;Total ;2019;15.831.000
Total Nacional;10 Comunitat Valenciana;;Total ;2018;14.069.000
Total Nacional;10 Comunitat Valenciana;;Residentes en el Extranjero;2022;10.357.000
Total Nacional;10 Comunitat Valenciana;;Residentes en el Extranjero;2021;4.457.000
Total Nacional;10 Comunitat Valenciana;;Residentes en el Extranjero;2020;2.685.000
Total Nacional;10 Comunitat Valenciana;;Residentes en el Extranjero;2019;10.128.000
Total Nacional;10 Comunitat Valenciana;;Residentes en el Extranjero;2018;9.193.000
Total Nacional;10 Comunitat Valenciana;;Residentes en España;2022;6.860.000
Total Nacional;10 Comunitat Valenciana;;Residentes en España;2021;6.161.000
Total Nacional;10 Comunitat Valenciana;;Residentes en España;2020;3.987.000
Total Nacional;10 Comunitat Valenciana;;Residentes en España;2019;5.703.000
Total Nacional;10 Comunitat Valenciana;;Residentes en España;2018;4.876.000
Total Nacional;10 Comunitat Valenciana;46 Valencia/València;Total ;2022;5.190.000
Total Nacional;10 Comunitat Valenciana;46 Valencia/València;Total ;2021;2.898.000
Total Nacional;10 Comunitat Valenciana;46 Valencia/València;Total ;2020;1.863.000
Total Nacional;10 Comunitat Valenciana;46 Valencia/València;Total ;2019;5.208.000
Total Nacional;10 Comunitat Valenciana;46 Valencia/València;Total ;2018;4.504.000
Total Nacional;10 Comunitat Valenciana;46 Valencia/València;Residentes en el Extranjero;2022;3.450.000
Total Nacional;10 Comunitat Valenciana;46 Valencia/València;Residentes en el Extranjero;2021;1.532.000
Total Nacional;10 Comunitat Valenciana;46 Valencia/València;Residentes en el Extranjero;2020;892.000
Total Nacional;10 Comunitat Valenciana;46 Valencia/València;Residentes en el Extranjero;2019;3.556.000
Total Nacional;10 Comunitat Valenciana;46 Valencia/València;Residentes en el Extranjero;2018;3.110.000
Total Nacional;10 Comunitat Valenciana;46 Valencia/València;Residentes en España;2022;1.740.000
Total Nacional;10 Comunitat Valenciana;46 Valencia/València;Residentes en España;2021;1.366.000
Total Nacional;10 Comunitat Valenciana;46 Valencia/València;Residentes en España;2020;971.000
Total Nacional;10 Comunitat Valenciana;46 Valencia/València;Residentes en España;2019;1.652.000
Total Nacional;10 Comunitat Valenciana;46 Valencia/València;Residentes en España;2018;1.394.000
Total Nacional;10 Comunitat Valenciana;12 Castellón/Castelló;Total ;2022;1.743.000
Total Nacional;10 Comunitat Valenciana;12 Castellón/Castelló;Total ;2021;1.308.000
Total Nacional;10 Comunitat Valenciana;12 Castellón/Castelló;Total ;2020;801.000
Total Nacional;10 Comunitat Valenciana;12 Castellón/Castelló;Total ;2019;1.672.000
Total Nacional;10 Comunitat Valenciana;12 Castellón/Castelló;Total ;2018;1.514.000
Total Nacional;10 Comunitat Valenciana;12 Castellón/Castelló;Residentes en el Extranjero;2022;518.000
Total Nacional;10 Comunitat Valenciana;12 Castellón/Castelló;Residentes en el Extranjero;2021;219.000
Total Nacional;10 Comunitat Valenciana;12 Castellón/Castelló;Residentes en el Extranjero;2020;138.000
Total Nacional;10 Comunitat Valenciana;12 Castellón/Castelló;Residentes en el Extranjero;2019;462.000
Total Nacional;10 Comunitat Valenciana;12 Castellón/Castelló;Residentes en el Extranjero;2018;448.000
Total Nacional;10 Comunitat Valenciana;12 Castellón/Castelló;Residentes en España;2022;1.226.000
Total Nacional;10 Comunitat Valenciana;12 Castellón/Castelló;Residentes en España;2021;1.089.000
Total Nacional;10 Comunitat Valenciana;12 Castellón/Castelló;Residentes en España;2020;663.000
Total Nacional;10 Comunitat Valenciana;12 Castellón/Castelló;Residentes en España;2019;1.210.000
Total Nacional;10 Comunitat Valenciana;12 Castellón/Castelló;Residentes en España;2018;1.066.000
Total Nacional;10 Comunitat Valenciana;03 Alicante/Alacant;Total ;2022;10.283.000
Total Nacional;10 Comunitat Valenciana;03 Alicante/Alacant;Total ;2021;6.411.000
Total Nacional;10 Comunitat Valenciana;03 Alicante/Alacant;Total ;2020;4.009.000
Total Nacional;10 Comunitat Valenciana;03 Alicante/Alacant;Total ;2019;8.951.000
Total Nacional;10 Comunitat Valenciana;03 Alicante/Alacant;Total ;2018;8.051.000
Total Nacional;10 Comunitat Valenciana;03 Alicante/Alacant;Residentes en el Extranjero;2022;6.388.000
Total Nacional;10 Comunitat Valenciana;03 Alicante/Alacant;Residentes en el Extranjero;2021;2.705.000
Total Nacional;10 Comunitat Valenciana;03 Alicante/Alacant;Residentes en el Extranjero;2020;1.656.000
Total Nacional;10 Comunitat Valenciana;03 Alicante/Alacant;Residentes en el Extranjero;2019;6.110.000
Total Nacional;10 Comunitat Valenciana;03 Alicante/Alacant;Residentes en el Extranjero;2018;5.635.000
Total Nacional;10 Comunitat Valenciana;03 Alicante/Alacant;Residentes en España;2022;3.894.000
Total Nacional;10 Comunitat Valenciana;03 Alicante/Alacant;Residentes en España;2021;3.705.000
Total Nacional;10 Comunitat Valenciana;03 Alicante/Alacant;Residentes en España;2020;2.353.000
Total Nacional;10 Comunitat Valenciana;03 Alicante/Alacant;Residentes en España;2019;2.841.000
Total Nacional;10 Comunitat Valenciana;03 Alicante/Alacant;Residentes en España;2018;2.416.000
Total Nacional;09 Cataluña;;Total ;2022;19.161.000
Total Nacional;09 Cataluña;;Total ;2021;10.674.000
Total Nacional;09 Cataluña;;Total ;2020;7.065.000
Total Nacional;09 Cataluña;;Total ;2019;20.717.000
Total Nacional;09 Cataluña;;Total ;2018;19.479.000
Total Nacional;09 Cataluña;;Residentes en el Extranjero;2022;14.645.000
Total Nacional;09 Cataluña;;Residentes en el Extranjero;2021;6.200.000
Total Nacional;09 Cataluña;;Residentes en el Extranjero;2020;3.825.000
Total Nacional;09 Cataluña;;Residentes en el Extranjero;2019;16.974.000
Total Nacional;09 Cataluña;;Residentes en el Extranjero;2018;16.035.000
Total Nacional;09 Cataluña;;Residentes en España;2022;4.517.000
Total Nacional;09 Cataluña;;Residentes en España;2021;4.474.000
Total Nacional;09 Cataluña;;Residentes en España;2020;3.239.000
Total Nacional;09 Cataluña;;Residentes en España;2019;3.743.000
Total Nacional;09 Cataluña;;Residentes en España;2018;3.444.000
Total Nacional;09 Cataluña;43 Tarragona;Total ;2022;3.362.000
Total Nacional;09 Cataluña;43 Tarragona;Total ;2021;2.265.000
Total Nacional;09 Cataluña;43 Tarragona;Total ;2020;1.328.000
Total Nacional;09 Cataluña;43 Tarragona;Total ;2019;3.303.000
Total Nacional;09 Cataluña;43 Tarragona;Total ;2018;3.052.000
Total Nacional;09 Cataluña;43 Tarragona;Residentes en el Extranjero;2022;1.881.000
Total Nacional;09 Cataluña;43 Tarragona;Residentes en el Extranjero;2021;817.000
Total Nacional;09 Cataluña;43 Tarragona;Residentes en el Extranjero;2020;418.000
Total Nacional;09 Cataluña;43 Tarragona;Residentes en el Extranjero;2019;2.087.000
Total Nacional;09 Cataluña;43 Tarragona;Residentes en el Extranjero;2018;2.007.000
Total Nacional;09 Cataluña;43 Tarragona;Residentes en España;2022;1.482.000
Total Nacional;09 Cataluña;43 Tarragona;Residentes en España;2021;1.447.000
Total Nacional;09 Cataluña;43 Tarragona;Residentes en España;2020;910.000
Total Nacional;09 Cataluña;43 Tarragona;Residentes en España;2019;1.215.000
Total Nacional;09 Cataluña;43 Tarragona;Residentes en España;2018;1.045.000
Total Nacional;09 Cataluña;25 Lleida;Total ;2022;625.000
Total Nacional;09 Cataluña;25 Lleida;Total ;2021;442.000
Total Nacional;09 Cataluña;25 Lleida;Total ;2020;363.000
Total Nacional;09 Cataluña;25 Lleida;Total ;2019;459.000
Total Nacional;09 Cataluña;25 Lleida;Total ;2018;419.000
Total Nacional;09 Cataluña;25 Lleida;Residentes en el Extranjero;2022;153.000
Total Nacional;09 Cataluña;25 Lleida;Residentes en el Extranjero;2021;60.000
Total Nacional;09 Cataluña;25 Lleida;Residentes en el Extranjero;2020;60.000
Total Nacional;09 Cataluña;25 Lleida;Residentes en el Extranjero;2019;120.000
Total Nacional;09 Cataluña;25 Lleida;Residentes en el Extranjero;2018;114.000
Total Nacional;09 Cataluña;25 Lleida;Residentes en España;2022;472.000
Total Nacional;09 Cataluña;25 Lleida;Residentes en España;2021;383.000
Total Nacional;09 Cataluña;25 Lleida;Residentes en España;2020;304.000
Total Nacional;09 Cataluña;25 Lleida;Residentes en España;2019;338.000
Total Nacional;09 Cataluña;25 Lleida;Residentes en España;2018;305.000
Total Nacional;09 Cataluña;17 Girona;Total ;2022;4.767.000
Total Nacional;09 Cataluña;17 Girona;Total ;2021;3.211.000
Total Nacional;09 Cataluña;17 Girona;Total ;2020;2.080.000
Total Nacional;09 Cataluña;17 Girona;Total ;2019;4.286.000
Total Nacional;09 Cataluña;17 Girona;Total ;2018;3.979.000
Total Nacional;09 Cataluña;17 Girona;Residentes en el Extranjero;2022;3.357.000
Total Nacional;09 Cataluña;17 Girona;Residentes en el Extranjero;2021;1.625.000
Total Nacional;09 Cataluña;17 Girona;Residentes en el Extranjero;2020;900.000
Total Nacional;09 Cataluña;17 Girona;Residentes en el Extranjero;2019;3.168.000
Total Nacional;09 Cataluña;17 Girona;Residentes en el Extranjero;2018;2.975.000
Total Nacional;09 Cataluña;17 Girona;Residentes en España;2022;1.409.000
Total Nacional;09 Cataluña;17 Girona;Residentes en España;2021;1.586.000
Total Nacional;09 Cataluña;17 Girona;Residentes en España;2020;1.180.000
Total Nacional;09 Cataluña;17 Girona;Residentes en España;2019;1.118.000
Total Nacional;09 Cataluña;17 Girona;Residentes en España;2018;1.004.000
Total Nacional;09 Cataluña;08 Barcelona;Total ;2022;10.406.000
Total Nacional;09 Cataluña;08 Barcelona;Total ;2021;4.756.000
Total Nacional;09 Cataluña;08 Barcelona;Total ;2020;3.293.000
Total Nacional;09 Cataluña;08 Barcelona;Total ;2019;12.670.000
Total Nacional;09 Cataluña;08 Barcelona;Total ;2018;12.028.000
Total Nacional;09 Cataluña;08 Barcelona;Residentes en el Extranjero;2022;9.255.000
Total Nacional;09 Cataluña;08 Barcelona;Residentes en el Extranjero;2021;3.698.000
Total Nacional;09 Cataluña;08 Barcelona;Residentes en el Extranjero;2020;2.448.000
Total Nacional;09 Cataluña;08 Barcelona;Residentes en el Extranjero;2019;11.599.000
Total Nacional;09 Cataluña;08 Barcelona;Residentes en el Extranjero;2018;10.939.000
Total Nacional;09 Cataluña;08 Barcelona;Residentes en España;2022;1.152.000
Total Nacional;09 Cataluña;08 Barcelona;Residentes en España;2021;1.058.000
Total Nacional;09 Cataluña;08 Barcelona;Residentes en España;2020;845.000
Total Nacional;09 Cataluña;08 Barcelona;Residentes en España;2019;1.072.000
Total Nacional;09 Cataluña;08 Barcelona;Residentes en España;2018;1.089.000
Total Nacional;08 Castilla - La Mancha;;Total ;2022;1.102.000
Total Nacional;08 Castilla - La Mancha;;Total ;2021;687.000
Total Nacional;08 Castilla - La Mancha;;Total ;2020;394.000
Total Nacional;08 Castilla - La Mancha;;Total ;2019;756.000
Total Nacional;08 Castilla - La Mancha;;Total ;2018;569.000
Total Nacional;08 Castilla - La Mancha;;Residentes en el Extranjero;2022;188.000
Total Nacional;08 Castilla - La Mancha;;Residentes en el Extranjero;2021;69.000
Total Nacional;08 Castilla - La Mancha;;Residentes en el Extranjero;2020;41.000
Total Nacional;08 Castilla - La Mancha;;Residentes en el Extranjero;2019;175.000
Total Nacional;08 Castilla - La Mancha;;Residentes en el Extranjero;2018;139.000
Total Nacional;08 Castilla - La Mancha;;Residentes en España;2022;915.000
Total Nacional;08 Castilla - La Mancha;;Residentes en España;2021;618.000
Total Nacional;08 Castilla - La Mancha;;Residentes en España;2020;354.000
Total Nacional;08 Castilla - La Mancha;;Residentes en España;2019;581.000
Total Nacional;08 Castilla - La Mancha;;Residentes en España;2018;429.000
Total Nacional;08 Castilla - La Mancha;45 Toledo;Total ;2022;521.000
Total Nacional;08 Castilla - La Mancha;45 Toledo;Total ;2021;296.000
Total Nacional;08 Castilla - La Mancha;45 Toledo;Total ;2020;164.000
Total Nacional;08 Castilla - La Mancha;45 Toledo;Total ;2019;398.000
Total Nacional;08 Castilla - La Mancha;45 Toledo;Total ;2018;313.000
Total Nacional;08 Castilla - La Mancha;45 Toledo;Residentes en el Extranjero;2022;123.000
Total Nacional;08 Castilla - La Mancha;45 Toledo;Residentes en el Extranjero;2021;40.000
Total Nacional;08 Castilla - La Mancha;45 Toledo;Residentes en el Extranjero;2020;28.000
Total Nacional;08 Castilla - La Mancha;45 Toledo;Residentes en el Extranjero;2019;129.000
Total Nacional;08 Castilla - La Mancha;45 Toledo;Residentes en el Extranjero;2018;106.000
Total Nacional;08 Castilla - La Mancha;45 Toledo;Residentes en España;2022;398.000
Total Nacional;08 Castilla - La Mancha;45 Toledo;Residentes en España;2021;256.000
Total Nacional;08 Castilla - La Mancha;45 Toledo;Residentes en España;2020;136.000
Total Nacional;08 Castilla - La Mancha;45 Toledo;Residentes en España;2019;269.000
Total Nacional;08 Castilla - La Mancha;45 Toledo;Residentes en España;2018;207.000
Total Nacional;08 Castilla - La Mancha;19 Guadalajara;Total ;2022;97.000
Total Nacional;08 Castilla - La Mancha;19 Guadalajara;Total ;2021;71.000
Total Nacional;08 Castilla - La Mancha;19 Guadalajara;Total ;2020;42.000
Total Nacional;08 Castilla - La Mancha;19 Guadalajara;Total ;2019;61.000
Total Nacional;08 Castilla - La Mancha;19 Guadalajara;Total ;2018;42.000
Total Nacional;08 Castilla - La Mancha;19 Guadalajara;Residentes en el Extranjero;2022;12.000
Total Nacional;08 Castilla - La Mancha;19 Guadalajara;Residentes en el Extranjero;2021;7.000
Total Nacional;08 Castilla - La Mancha;19 Guadalajara;Residentes en el Extranjero;2020;2.000
Total Nacional;08 Castilla - La Mancha;19 Guadalajara;Residentes en el Extranjero;2019;10.000
Total Nacional;08 Castilla - La Mancha;19 Guadalajara;Residentes en el Extranjero;2018;9.000
Total Nacional;08 Castilla - La Mancha;19 Guadalajara;Residentes en España;2022;86.000
Total Nacional;08 Castilla - La Mancha;19 Guadalajara;Residentes en España;2021;64.000
Total Nacional;08 Castilla - La Mancha;19 Guadalajara;Residentes en España;2020;40.000
Total Nacional;08 Castilla - La Mancha;19 Guadalajara;Residentes en España;2019;51.000
Total Nacional;08 Castilla - La Mancha;19 Guadalajara;Residentes en España;2018;34.000
Total Nacional;08 Castilla - La Mancha;16 Cuenca;Total ;2022;222.000
Total Nacional;08 Castilla - La Mancha;16 Cuenca;Total ;2021;150.000
Total Nacional;08 Castilla - La Mancha;16 Cuenca;Total ;2020;89.000
Total Nacional;08 Castilla - La Mancha;16 Cuenca;Total ;2019;156.000
Total Nacional;08 Castilla - La Mancha;16 Cuenca;Total ;2018;114.000
Total Nacional;08 Castilla - La Mancha;16 Cuenca;Residentes en el Extranjero;2022;20.000
Total Nacional;08 Castilla - La Mancha;16 Cuenca;Residentes en el Extranjero;2021;9.000
Total Nacional;08 Castilla - La Mancha;16 Cuenca;Residentes en el Extranjero;2020;4.000
Total Nacional;08 Castilla - La Mancha;16 Cuenca;Residentes en el Extranjero;2019;18.000
Total Nacional;08 Castilla - La Mancha;16 Cuenca;Residentes en el Extranjero;2018;12.000
Total Nacional;08 Castilla - La Mancha;16 Cuenca;Residentes en España;2022;202.000
Total Nacional;08 Castilla - La Mancha;16 Cuenca;Residentes en España;2021;141.000
Total Nacional;08 Castilla - La Mancha;16 Cuenca;Residentes en España;2020;85.000
Total Nacional;08 Castilla - La Mancha;16 Cuenca;Residentes en España;2019;138.000
Total Nacional;08 Castilla - La Mancha;16 Cuenca;Residentes en España;2018;102.000
Total Nacional;08 Castilla - La Mancha;13 Ciudad Real;Total ;2022;126.000
Total Nacional;08 Castilla - La Mancha;13 Ciudad Real;Total ;2021;86.000
Total Nacional;08 Castilla - La Mancha;13 Ciudad Real;Total ;2020;49.000
Total Nacional;08 Castilla - La Mancha;13 Ciudad Real;Total ;2019;78.000
Total Nacional;08 Castilla - La Mancha;13 Ciudad Real;Total ;2018;57.000
Total Nacional;08 Castilla - La Mancha;13 Ciudad Real;Residentes en el Extranjero;2022;20.000
Total Nacional;08 Castilla - La Mancha;13 Ciudad Real;Residentes en el Extranjero;2021;7.000
Total Nacional;08 Castilla - La Mancha;13 Ciudad Real;Residentes en el Extranjero;2020;4.000
Total Nacional;08 Castilla - La Mancha;13 Ciudad Real;Residentes en el Extranjero;2019;11.000
Total Nacional;08 Castilla - La Mancha;13 Ciudad Real;Residentes en el Extranjero;2018;7.000
Total Nacional;08 Castilla - La Mancha;13 Ciudad Real;Residentes en España;2022;105.000
Total Nacional;08 Castilla - La Mancha;13 Ciudad Real;Residentes en España;2021;79.000
Total Nacional;08 Castilla - La Mancha;13 Ciudad Real;Residentes en España;2020;45.000
Total Nacional;08 Castilla - La Mancha;13 Ciudad Real;Residentes en España;2019;67.000
Total Nacional;08 Castilla - La Mancha;13 Ciudad Real;Residentes en España;2018;50.000
Total Nacional;08 Castilla - La Mancha;02 Albacete;Total ;2022;136.000
Total Nacional;08 Castilla - La Mancha;02 Albacete;Total ;2021;84.000
Total Nacional;08 Castilla - La Mancha;02 Albacete;Total ;2020;51.000
Total Nacional;08 Castilla - La Mancha;02 Albacete;Total ;2019;63.000
Total Nacional;08 Castilla - La Mancha;02 Albacete;Total ;2018;42.000
Total Nacional;08 Castilla - La Mancha;02 Albacete;Residentes en el Extranjero;2022;13.000
Total Nacional;08 Castilla - La Mancha;02 Albacete;Residentes en el Extranjero;2021;6.000
Total Nacional;08 Castilla - La Mancha;02 Albacete;Residentes en el Extranjero;2020;3.000
Total Nacional;08 Castilla - La Mancha;02 Albacete;Residentes en el Extranjero;2019;7.000
Total Nacional;08 Castilla - La Mancha;02 Albacete;Residentes en el Extranjero;2018;6.000
Total Nacional;08 Castilla - La Mancha;02 Albacete;Residentes en España;2022;124.000
Total Nacional;08 Castilla - La Mancha;02 Albacete;Residentes en España;2021;78.000
Total Nacional;08 Castilla - La Mancha;02 Albacete;Residentes en España;2020;48.000
Total Nacional;08 Castilla - La Mancha;02 Albacete;Residentes en España;2019;56.000
Total Nacional;08 Castilla - La Mancha;02 Albacete;Residentes en España;2018;36.000
Total Nacional;07 Castilla y León;;Total ;2022;1.987.000
Total Nacional;07 Castilla y León;;Total ;2021;1.231.000
Total Nacional;07 Castilla y León;;Total ;2020;729.000
Total Nacional;07 Castilla y León;;Total ;2019;1.410.000
Total Nacional;07 Castilla y León;;Total ;2018;1.054.000
Total Nacional;07 Castilla y León;;Residentes en el Extranjero;2022;385.000
Total Nacional;07 Castilla y León;;Residentes en el Extranjero;2021;151.000
Total Nacional;07 Castilla y León;;Residentes en el Extranjero;2020;94.000
Total Nacional;07 Castilla y León;;Residentes en el Extranjero;2019;334.000
Total Nacional;07 Castilla y León;;Residentes en el Extranjero;2018;269.000
Total Nacional;07 Castilla y León;;Residentes en España;2022;1.601.000
Total Nacional;07 Castilla y León;;Residentes en España;2021;1.080.000
Total Nacional;07 Castilla y León;;Residentes en España;2020;634.000
Total Nacional;07 Castilla y León;;Residentes en España;2019;1.076.000
Total Nacional;07 Castilla y León;;Residentes en España;2018;785.000
Total Nacional;07 Castilla y León;49 Zamora;Total ;2022;97.000
Total Nacional;07 Castilla y León;49 Zamora;Total ;2021;68.000
Total Nacional;07 Castilla y León;49 Zamora;Total ;2020;38.000
Total Nacional;07 Castilla y León;49 Zamora;Total ;2019;65.000
Total Nacional;07 Castilla y León;49 Zamora;Total ;2018;44.000
Total Nacional;07 Castilla y León;49 Zamora;Residentes en el Extranjero;2022;11.000
Total Nacional;07 Castilla y León;49 Zamora;Residentes en el Extranjero;2021;5.000
Total Nacional;07 Castilla y León;49 Zamora;Residentes en el Extranjero;2020;3.000
Total Nacional;07 Castilla y León;49 Zamora;Residentes en el Extranjero;2019;7.000
Total Nacional;07 Castilla y León;49 Zamora;Residentes en el Extranjero;2018;5.000
Total Nacional;07 Castilla y León;49 Zamora;Residentes en España;2022;86.000
Total Nacional;07 Castilla y León;49 Zamora;Residentes en España;2021;64.000
Total Nacional;07 Castilla y León;49 Zamora;Residentes en España;2020;35.000
Total Nacional;07 Castilla y León;49 Zamora;Residentes en España;2019;58.000
Total Nacional;07 Castilla y León;49 Zamora;Residentes en España;2018;39.000
Total Nacional;07 Castilla y León;47 Valladolid;Total ;2022;172.000
Total Nacional;07 Castilla y León;47 Valladolid;Total ;2021;107.000
Total Nacional;07 Castilla y León;47 Valladolid;Total ;2020;68.000
Total Nacional;07 Castilla y León;47 Valladolid;Total ;2019;122.000
Total Nacional;07 Castilla y León;47 Valladolid;Total ;2018;84.000
Total Nacional;07 Castilla y León;47 Valladolid;Residentes en el Extranjero;2022;41.000
Total Nacional;07 Castilla y León;47 Valladolid;Residentes en el Extranjero;2021;18.000
Total Nacional;07 Castilla y León;47 Valladolid;Residentes en el Extranjero;2020;12.000
Total Nacional;07 Castilla y León;47 Valladolid;Residentes en el Extranjero;2019;34.000
Total Nacional;07 Castilla y León;47 Valladolid;Residentes en el Extranjero;2018;25.000
Total Nacional;07 Castilla y León;47 Valladolid;Residentes en España;2022;131.000
Total Nacional;07 Castilla y León;47 Valladolid;Residentes en España;2021;89.000
Total Nacional;07 Castilla y León;47 Valladolid;Residentes en España;2020;55.000
Total Nacional;07 Castilla y León;47 Valladolid;Residentes en España;2019;88.000
Total Nacional;07 Castilla y León;47 Valladolid;Residentes en España;2018;59.000
Total Nacional;07 Castilla y León;42 Soria;Total ;2022;110.000
Total Nacional;07 Castilla y León;42 Soria;Total ;2021;69.000
Total Nacional;07 Castilla y León;42 Soria;Total ;2020;33.000
Total Nacional;07 Castilla y León;42 Soria;Total ;2019;51.000
Total Nacional;07 Castilla y León;42 Soria;Total ;2018;31.000
Total Nacional;07 Castilla y León;42 Soria;Residentes en el Extranjero;2022;7.000
Total Nacional;07 Castilla y León;42 Soria;Residentes en el Extranjero;2021;3.000
Total Nacional;07 Castilla y León;42 Soria;Residentes en el Extranjero;2020;1.000
Total Nacional;07 Castilla y León;42 Soria;Residentes en el Extranjero;2019;4.000
Total Nacional;07 Castilla y León;42 Soria;Residentes en el Extranjero;2018;2.000
Total Nacional;07 Castilla y León;42 Soria;Residentes en España;2022;102.000
Total Nacional;07 Castilla y León;42 Soria;Residentes en España;2021;66.000
Total Nacional;07 Castilla y León;42 Soria;Residentes en España;2020;32.000
Total Nacional;07 Castilla y León;42 Soria;Residentes en España;2019;47.000
Total Nacional;07 Castilla y León;42 Soria;Residentes en España;2018;29.000
Total Nacional;07 Castilla y León;40 Segovia;Total ;2022;232.000
Total Nacional;07 Castilla y León;40 Segovia;Total ;2021;143.000
Total Nacional;07 Castilla y León;40 Segovia;Total ;2020;95.000
Total Nacional;07 Castilla y León;40 Segovia;Total ;2019;193.000
Total Nacional;07 Castilla y León;40 Segovia;Total ;2018;153.000
Total Nacional;07 Castilla y León;40 Segovia;Residentes en el Extranjero;2022;29.000
Total Nacional;07 Castilla y León;40 Segovia;Residentes en el Extranjero;2021;11.000
Total Nacional;07 Castilla y León;40 Segovia;Residentes en el Extranjero;2020;8.000
Total Nacional;07 Castilla y León;40 Segovia;Residentes en el Extranjero;2019;35.000
Total Nacional;07 Castilla y León;40 Segovia;Residentes en el Extranjero;2018;27.000
Total Nacional;07 Castilla y León;40 Segovia;Residentes en España;2022;203.000
Total Nacional;07 Castilla y León;40 Segovia;Residentes en España;2021;132.000
Total Nacional;07 Castilla y León;40 Segovia;Residentes en España;2020;87.000
Total Nacional;07 Castilla y León;40 Segovia;Residentes en España;2019;158.000
Total Nacional;07 Castilla y León;40 Segovia;Residentes en España;2018;127.000
Total Nacional;07 Castilla y León;37 Salamanca;Total ;2022;426.000
Total Nacional;07 Castilla y León;37 Salamanca;Total ;2021;246.000
Total Nacional;07 Castilla y León;37 Salamanca;Total ;2020;152.000
Total Nacional;07 Castilla y León;37 Salamanca;Total ;2019;367.000
Total Nacional;07 Castilla y León;37 Salamanca;Total ;2018;313.000
Total Nacional;07 Castilla y León;37 Salamanca;Residentes en el Extranjero;2022;141.000
Total Nacional;07 Castilla y León;37 Salamanca;Residentes en el Extranjero;2021;54.000
Total Nacional;07 Castilla y León;37 Salamanca;Residentes en el Extranjero;2020;35.000
Total Nacional;07 Castilla y León;37 Salamanca;Residentes en el Extranjero;2019;138.000
Total Nacional;07 Castilla y León;37 Salamanca;Residentes en el Extranjero;2018;122.000
Total Nacional;07 Castilla y León;37 Salamanca;Residentes en España;2022;285.000
Total Nacional;07 Castilla y León;37 Salamanca;Residentes en España;2021;192.000
Total Nacional;07 Castilla y León;37 Salamanca;Residentes en España;2020;116.000
Total Nacional;07 Castilla y León;37 Salamanca;Residentes en España;2019;229.000
Total Nacional;07 Castilla y León;37 Salamanca;Residentes en España;2018;191.000
Total Nacional;07 Castilla y León;34 Palencia;Total ;2022;38.000
Total Nacional;07 Castilla y León;34 Palencia;Total ;2021;28.000
Total Nacional;07 Castilla y León;34 Palencia;Total ;2020;17.000
Total Nacional;07 Castilla y León;34 Palencia;Total ;2019;23.000
Total Nacional;07 Castilla y León;34 Palencia;Total ;2018;15.000
Total Nacional;07 Castilla y León;34 Palencia;Residentes en el Extranjero;2022;6.000
Total Nacional;07 Castilla y León;34 Palencia;Residentes en el Extranjero;2021;3.000
Total Nacional;07 Castilla y León;34 Palencia;Residentes en el Extranjero;2020;2.000
Total Nacional;07 Castilla y León;34 Palencia;Residentes en el Extranjero;2019;5.000
Total Nacional;07 Castilla y León;34 Palencia;Residentes en el Extranjero;2018;4.000
Total Nacional;07 Castilla y León;34 Palencia;Residentes en España;2022;33.000
Total Nacional;07 Castilla y León;34 Palencia;Residentes en España;2021;26.000
Total Nacional;07 Castilla y León;34 Palencia;Residentes en España;2020;15.000
Total Nacional;07 Castilla y León;34 Palencia;Residentes en España;2019;18.000
Total Nacional;07 Castilla y León;34 Palencia;Residentes en España;2018;11.000
Total Nacional;07 Castilla y León;24 León;Total ;2022;360.000
Total Nacional;07 Castilla y León;24 León;Total ;2021;230.000
Total Nacional;07 Castilla y León;24 León;Total ;2020;133.000
Total Nacional;07 Castilla y León;24 León;Total ;2019;245.000
Total Nacional;07 Castilla y León;24 León;Total ;2018;182.000
Total Nacional;07 Castilla y León;24 León;Residentes en el Extranjero;2022;59.000
Total Nacional;07 Castilla y León;24 León;Residentes en el Extranjero;2021;21.000
Total Nacional;07 Castilla y León;24 León;Residentes en el Extranjero;2020;13.000
Total Nacional;07 Castilla y León;24 León;Residentes en el Extranjero;2019;47.000
Total Nacional;07 Castilla y León;24 León;Residentes en el Extranjero;2018;36.000
Total Nacional;07 Castilla y León;24 León;Residentes en España;2022;301.000
Total Nacional;07 Castilla y León;24 León;Residentes en España;2021;209.000
Total Nacional;07 Castilla y León;24 León;Residentes en España;2020;121.000
Total Nacional;07 Castilla y León;24 León;Residentes en España;2019;199.000
Total Nacional;07 Castilla y León;24 León;Residentes en España;2018;147.000
Total Nacional;07 Castilla y León;09 Burgos;Total ;2022;247.000
Total Nacional;07 Castilla y León;09 Burgos;Total ;2021;139.000
Total Nacional;07 Castilla y León;09 Burgos;Total ;2020;71.000
Total Nacional;07 Castilla y León;09 Burgos;Total ;2019;146.000
Total Nacional;07 Castilla y León;09 Burgos;Total ;2018;103.000
Total Nacional;07 Castilla y León;09 Burgos;Residentes en el Extranjero;2022;59.000
Total Nacional;07 Castilla y León;09 Burgos;Residentes en el Extranjero;2021;22.000
Total Nacional;07 Castilla y León;09 Burgos;Residentes en el Extranjero;2020;11.000
Total Nacional;07 Castilla y León;09 Burgos;Residentes en el Extranjero;2019;41.000
Total Nacional;07 Castilla y León;09 Burgos;Residentes en el Extranjero;2018;32.000
Total Nacional;07 Castilla y León;09 Burgos;Residentes en España;2022;187.000
Total Nacional;07 Castilla y León;09 Burgos;Residentes en España;2021;117.000
Total Nacional;07 Castilla y León;09 Burgos;Residentes en España;2020;60.000
Total Nacional;07 Castilla y León;09 Burgos;Residentes en España;2019;105.000
Total Nacional;07 Castilla y León;09 Burgos;Residentes en España;2018;71.000
Total Nacional;07 Castilla y León;05 Ávila;Total ;2022;306.000
Total Nacional;07 Castilla y León;05 Ávila;Total ;2021;200.000
Total Nacional;07 Castilla y León;05 Ávila;Total ;2020;121.000
Total Nacional;07 Castilla y León;05 Ávila;Total ;2019;198.000
Total Nacional;07 Castilla y León;05 Ávila;Total ;2018;128.000
Total Nacional;07 Castilla y León;05 Ávila;Residentes en el Extranjero;2022;32.000
Total Nacional;07 Castilla y León;05 Ávila;Residentes en el Extranjero;2021;14.000
Total Nacional;07 Castilla y León;05 Ávila;Residentes en el Extranjero;2020;9.000
Total Nacional;07 Castilla y León;05 Ávila;Residentes en el Extranjero;2019;24.000
Total Nacional;07 Castilla y León;05 Ávila;Residentes en el Extranjero;2018;17.000
Total Nacional;07 Castilla y León;05 Ávila;Residentes en España;2022;274.000
Total Nacional;07 Castilla y León;05 Ávila;Residentes en España;2021;186.000
Total Nacional;07 Castilla y León;05 Ávila;Residentes en España;2020;113.000
Total Nacional;07 Castilla y León;05 Ávila;Residentes en España;2019;173.000
Total Nacional;07 Castilla y León;05 Ávila;Residentes en España;2018;111.000
Total Nacional;06 Cantabria;;Total ;2022;1.657.000
Total Nacional;06 Cantabria;;Total ;2021;1.158.000
Total Nacional;06 Cantabria;;Total ;2020;821.000
Total Nacional;06 Cantabria;;Total ;2019;1.240.000
Total Nacional;06 Cantabria;;Total ;2018;1.042.000
Total Nacional;06 Cantabria;;Residentes en el Extranjero;2022;362.000
Total Nacional;06 Cantabria;;Residentes en el Extranjero;2021;139.000
Total Nacional;06 Cantabria;;Residentes en el Extranjero;2020;71.000
Total Nacional;06 Cantabria;;Residentes en el Extranjero;2019;289.000
Total Nacional;06 Cantabria;;Residentes en el Extranjero;2018;271.000
Total Nacional;06 Cantabria;;Residentes en España;2022;1.297.000
Total Nacional;06 Cantabria;;Residentes en España;2021;1.019.000
Total Nacional;06 Cantabria;;Residentes en España;2020;750.000
Total Nacional;06 Cantabria;;Residentes en España;2019;951.000
Total Nacional;06 Cantabria;;Residentes en España;2018;770.000
Total Nacional;06 Cantabria;39 Cantabria;Total ;2022;1.658.000
Total Nacional;06 Cantabria;39 Cantabria;Total ;2021;1.158.000
Total Nacional;06 Cantabria;39 Cantabria;Total ;2020;821.000
Total Nacional;06 Cantabria;39 Cantabria;Total ;2019;1.240.000
Total Nacional;06 Cantabria;39 Cantabria;Total ;2018;1.042.000
Total Nacional;06 Cantabria;39 Cantabria;Residentes en el Extranjero;2022;361.000
Total Nacional;06 Cantabria;39 Cantabria;Residentes en el Extranjero;2021;139.000
Total Nacional;06 Cantabria;39 Cantabria;Residentes en el Extranjero;2020;71.000
Total Nacional;06 Cantabria;39 Cantabria;Residentes en el Extranjero;2019;289.000
Total Nacional;06 Cantabria;39 Cantabria;Residentes en el Extranjero;2018;271.000
Total Nacional;06 Cantabria;39 Cantabria;Residentes en España;2022;1.297.000
Total Nacional;06 Cantabria;39 Cantabria;Residentes en España;2021;1.019.000
Total Nacional;06 Cantabria;39 Cantabria;Residentes en España;2020;750.000
Total Nacional;06 Cantabria;39 Cantabria;Residentes en España;2019;951.000
Total Nacional;06 Cantabria;39 Cantabria;Residentes en España;2018;770.000
Total Nacional;05 Canarias;;Total ;2022;19.017.000
Total Nacional;05 Canarias;;Total ;2021;11.165.000
Total Nacional;05 Canarias;;Total ;2020;8.013.000
Total Nacional;05 Canarias;;Total ;2019;14.940.000
Total Nacional;05 Canarias;;Total ;2018;14.345.000
Total Nacional;05 Canarias;;Residentes en el Extranjero;2022;14.055.000
Total Nacional;05 Canarias;;Residentes en el Extranjero;2021;7.131.000
Total Nacional;05 Canarias;;Residentes en el Extranjero;2020;5.064.000
Total Nacional;05 Canarias;;Residentes en el Extranjero;2019;11.333.000
Total Nacional;05 Canarias;;Residentes en el Extranjero;2018;11.182.000
Total Nacional;05 Canarias;;Residentes en España;2022;4.960.000
Total Nacional;05 Canarias;;Residentes en España;2021;4.035.000
Total Nacional;05 Canarias;;Residentes en España;2020;2.949.000
Total Nacional;05 Canarias;;Residentes en España;2019;3.607.000
Total Nacional;05 Canarias;;Residentes en España;2018;3.163.000
Total Nacional;05 Canarias;38 Santa Cruz de Tenerife;Total ;2022;7.757.000
Total Nacional;05 Canarias;38 Santa Cruz de Tenerife;Total ;2021;5.022.000
Total Nacional;05 Canarias;38 Santa Cruz de Tenerife;Total ;2020;3.617.000
Total Nacional;05 Canarias;38 Santa Cruz de Tenerife;Total ;2019;6.735.000
Total Nacional;05 Canarias;38 Santa Cruz de Tenerife;Total ;2018;6.185.000
Total Nacional;05 Canarias;38 Santa Cruz de Tenerife;Residentes en el Extranjero;2022;6.135.000
Total Nacional;05 Canarias;38 Santa Cruz de Tenerife;Residentes en el Extranjero;2021;3.357.000
Total Nacional;05 Canarias;38 Santa Cruz de Tenerife;Residentes en el Extranjero;2020;2.394.000
Total Nacional;05 Canarias;38 Santa Cruz de Tenerife;Residentes en el Extranjero;2019;5.228.000
Total Nacional;05 Canarias;38 Santa Cruz de Tenerife;Residentes en el Extranjero;2018;4.902.000
Total Nacional;05 Canarias;38 Santa Cruz de Tenerife;Residentes en España;2022;1.622.000
Total Nacional;05 Canarias;38 Santa Cruz de Tenerife;Residentes en España;2021;1.665.000
Total Nacional;05 Canarias;38 Santa Cruz de Tenerife;Residentes en España;2020;1.223.000
Total Nacional;05 Canarias;38 Santa Cruz de Tenerife;Residentes en España;2019;1.506.000
Total Nacional;05 Canarias;38 Santa Cruz de Tenerife;Residentes en España;2018;1.285.000
Total Nacional;05 Canarias;35 Palmas, Las;Total ;2022;10.678.000
Total Nacional;05 Canarias;35 Palmas, Las;Total ;2021;6.143.000
Total Nacional;05 Canarias;35 Palmas, Las;Total ;2020;4.396.000
Total Nacional;05 Canarias;35 Palmas, Las;Total ;2019;8.206.000
Total Nacional;05 Canarias;35 Palmas, Las;Total ;2018;8.159.000
Total Nacional;05 Canarias;35 Palmas, Las;Residentes en el Extranjero;2022;7.705.000
Total Nacional;05 Canarias;35 Palmas, Las;Residentes en el Extranjero;2021;3.774.000
Total Nacional;05 Canarias;35 Palmas, Las;Residentes en el Extranjero;2020;2.670.000
Total Nacional;05 Canarias;35 Palmas, Las;Residentes en el Extranjero;2019;6.104.000
Total Nacional;05 Canarias;35 Palmas, Las;Residentes en el Extranjero;2018;6.279.000
Total Nacional;05 Canarias;35 Palmas, Las;Residentes en España;2022;2.973.000
Total Nacional;05 Canarias;35 Palmas, Las;Residentes en España;2021;2.370.000
Total Nacional;05 Canarias;35 Palmas, Las;Residentes en España;2020;1.726.000
Total Nacional;05 Canarias;35 Palmas, Las;Residentes en España;2019;2.101.000
Total Nacional;05 Canarias;35 Palmas, Las;Residentes en España;2018;1.879.000
Total Nacional;04 Balears, Illes;;Total ;2022;9.483.000
Total Nacional;04 Balears, Illes;;Total ;2021;6.157.000
Total Nacional;04 Balears, Illes;;Total ;2020;2.632.000
Total Nacional;04 Balears, Illes;;Total ;2019;8.440.000
Total Nacional;04 Balears, Illes;;Total ;2018;8.132.000
Total Nacional;04 Balears, Illes;;Residentes en el Extranjero;2022;7.926.000
Total Nacional;04 Balears, Illes;;Residentes en el Extranjero;2021;4.527.000
Total Nacional;04 Balears, Illes;;Residentes en el Extranjero;2020;1.632.000
Total Nacional;04 Balears, Illes;;Residentes en el Extranjero;2019;7.357.000
Total Nacional;04 Balears, Illes;;Residentes en el Extranjero;2018;7.073.000
Total Nacional;04 Balears, Illes;;Residentes en España;2022;1.556.000
Total Nacional;04 Balears, Illes;;Residentes en España;2021;1.630.000
Total Nacional;04 Balears, Illes;;Residentes en España;2020;1.000.000
Total Nacional;04 Balears, Illes;;Residentes en España;2019;1.083.000
Total Nacional;04 Balears, Illes;;Residentes en España;2018;1.059.000
Total Nacional;04 Balears, Illes;07 Balears, Illes;Total ;2022;9.483.000
Total Nacional;04 Balears, Illes;07 Balears, Illes;Total ;2021;6.157.000
Total Nacional;04 Balears, Illes;07 Balears, Illes;Total ;2020;2.632.000
Total Nacional;04 Balears, Illes;07 Balears, Illes;Total ;2019;8.440.000
Total Nacional;04 Balears, Illes;07 Balears, Illes;Total ;2018;8.132.000
Total Nacional;04 Balears, Illes;07 Balears, Illes;Residentes en el Extranjero;2022;7.927.000
Total Nacional;04 Balears, Illes;07 Balears, Illes;Residentes en el Extranjero;2021;4.527.000
Total Nacional;04 Balears, Illes;07 Balears, Illes;Residentes en el Extranjero;2020;1.633.000
Total Nacional;04 Balears, Illes;07 Balears, Illes;Residentes en el Extranjero;2019;7.357.000
Total Nacional;04 Balears, Illes;07 Balears, Illes;Residentes en el Extranjero;2018;7.073.000
Total Nacional;04 Balears, Illes;07 Balears, Illes;Residentes en España;2022;1.557.000
Total Nacional;04 Balears, Illes;07 Balears, Illes;Residentes en España;2021;1.630.000
Total Nacional;04 Balears, Illes;07 Balears, Illes;Residentes en España;2020;1.001.000
Total Nacional;04 Balears, Illes;07 Balears, Illes;Residentes en España;2019;1.083.000
Total Nacional;04 Balears, Illes;07 Balears, Illes;Residentes en España;2018;1.059.000
Total Nacional;03 Asturias, Principado de;;Total ;2022;1.909.000
Total Nacional;03 Asturias, Principado de;;Total ;2021;1.278.000
Total Nacional;03 Asturias, Principado de;;Total ;2020;908.000
Total Nacional;03 Asturias, Principado de;;Total ;2019;1.310.000
Total Nacional;03 Asturias, Principado de;;Total ;2018;1.021.000
Total Nacional;03 Asturias, Principado de;;Residentes en el Extranjero;2022;326.000
Total Nacional;03 Asturias, Principado de;;Residentes en el Extranjero;2021;121.000
Total Nacional;03 Asturias, Principado de;;Residentes en el Extranjero;2020;67.000
Total Nacional;03 Asturias, Principado de;;Residentes en el Extranjero;2019;236.000
Total Nacional;03 Asturias, Principado de;;Residentes en el Extranjero;2018;204.000
Total Nacional;03 Asturias, Principado de;;Residentes en España;2022;1.584.000
Total Nacional;03 Asturias, Principado de;;Residentes en España;2021;1.157.000
Total Nacional;03 Asturias, Principado de;;Residentes en España;2020;841.000
Total Nacional;03 Asturias, Principado de;;Residentes en España;2019;1.074.000
Total Nacional;03 Asturias, Principado de;;Residentes en España;2018;818.000
Total Nacional;03 Asturias, Principado de;33 Asturias;Total ;2022;1.910.000
Total Nacional;03 Asturias, Principado de;33 Asturias;Total ;2021;1.278.000
Total Nacional;03 Asturias, Principado de;33 Asturias;Total ;2020;908.000
Total Nacional;03 Asturias, Principado de;33 Asturias;Total ;2019;1.310.000
Total Nacional;03 Asturias, Principado de;33 Asturias;Total ;2018;1.021.000
Total Nacional;03 Asturias, Principado de;33 Asturias;Residentes en el Extranjero;2022;328.000
Total Nacional;03 Asturias, Principado de;33 Asturias;Residentes en el Extranjero;2021;121.000
Total Nacional;03 Asturias, Principado de;33 Asturias;Residentes en el Extranjero;2020;67.000
Total Nacional;03 Asturias, Principado de;33 Asturias;Residentes en el Extranjero;2019;236.000
Total Nacional;03 Asturias, Principado de;33 Asturias;Residentes en el Extranjero;2018;204.000
Total Nacional;03 Asturias, Principado de;33 Asturias;Residentes en España;2022;1.582.000
Total Nacional;03 Asturias, Principado de;33 Asturias;Residentes en España;2021;1.157.000
Total Nacional;03 Asturias, Principado de;33 Asturias;Residentes en España;2020;841.000
Total Nacional;03 Asturias, Principado de;33 Asturias;Residentes en España;2019;1.074.000
Total Nacional;03 Asturias, Principado de;33 Asturias;Residentes en España;2018;818.000
Total Nacional;02 Aragón;;Total ;2022;1.580.000
Total Nacional;02 Aragón;;Total ;2021;989.000
Total Nacional;02 Aragón;;Total ;2020;732.000
Total Nacional;02 Aragón;;Total ;2019;1.189.000
Total Nacional;02 Aragón;;Total ;2018;984.000
Total Nacional;02 Aragón;;Residentes en el Extranjero;2022;302.000
Total Nacional;02 Aragón;;Residentes en el Extranjero;2021;128.000
Total Nacional;02 Aragón;;Residentes en el Extranjero;2020;83.000
Total Nacional;02 Aragón;;Residentes en el Extranjero;2019;246.000
Total Nacional;02 Aragón;;Residentes en el Extranjero;2018;203.000
Total Nacional;02 Aragón;;Residentes en España;2022;1.276.000
Total Nacional;02 Aragón;;Residentes en España;2021;860.000
Total Nacional;02 Aragón;;Residentes en España;2020;649.000
Total Nacional;02 Aragón;;Residentes en España;2019;942.000
Total Nacional;02 Aragón;;Residentes en España;2018;781.000
Total Nacional;02 Aragón;50 Zaragoza;Total ;2022;391.000
Total Nacional;02 Aragón;50 Zaragoza;Total ;2021;237.000
Total Nacional;02 Aragón;50 Zaragoza;Total ;2020;154.000
Total Nacional;02 Aragón;50 Zaragoza;Total ;2019;330.000
Total Nacional;02 Aragón;50 Zaragoza;Total ;2018;254.000
Total Nacional;02 Aragón;50 Zaragoza;Residentes en el Extranjero;2022;141.000
Total Nacional;02 Aragón;50 Zaragoza;Residentes en el Extranjero;2021;64.000
Total Nacional;02 Aragón;50 Zaragoza;Residentes en el Extranjero;2020;37.000
Total Nacional;02 Aragón;50 Zaragoza;Residentes en el Extranjero;2019;124.000
Total Nacional;02 Aragón;50 Zaragoza;Residentes en el Extranjero;2018;95.000
Total Nacional;02 Aragón;50 Zaragoza;Residentes en España;2022;251.000
Total Nacional;02 Aragón;50 Zaragoza;Residentes en España;2021;173.000
Total Nacional;02 Aragón;50 Zaragoza;Residentes en España;2020;117.000
Total Nacional;02 Aragón;50 Zaragoza;Residentes en España;2019;207.000
Total Nacional;02 Aragón;50 Zaragoza;Residentes en España;2018;159.000
Total Nacional;02 Aragón;44 Teruel;Total ;2022;301.000
Total Nacional;02 Aragón;44 Teruel;Total ;2021;186.000
Total Nacional;02 Aragón;44 Teruel;Total ;2020;116.000
Total Nacional;02 Aragón;44 Teruel;Total ;2019;211.000
Total Nacional;02 Aragón;44 Teruel;Total ;2018;177.000
Total Nacional;02 Aragón;44 Teruel;Residentes en el Extranjero;2022;37.000
Total Nacional;02 Aragón;44 Teruel;Residentes en el Extranjero;2021;15.000
Total Nacional;02 Aragón;44 Teruel;Residentes en el Extranjero;2020;8.000
Total Nacional;02 Aragón;44 Teruel;Residentes en el Extranjero;2019;25.000
Total Nacional;02 Aragón;44 Teruel;Residentes en el Extranjero;2018;22.000
Total Nacional;02 Aragón;44 Teruel;Residentes en España;2022;264.000
Total Nacional;02 Aragón;44 Teruel;Residentes en España;2021;171.000
Total Nacional;02 Aragón;44 Teruel;Residentes en España;2020;108.000
Total Nacional;02 Aragón;44 Teruel;Residentes en España;2019;186.000
Total Nacional;02 Aragón;44 Teruel;Residentes en España;2018;154.000
Total Nacional;02 Aragón;22 Huesca;Total ;2022;888.000
Total Nacional;02 Aragón;22 Huesca;Total ;2021;565.000
Total Nacional;02 Aragón;22 Huesca;Total ;2020;462.000
Total Nacional;02 Aragón;22 Huesca;Total ;2019;648.000
Total Nacional;02 Aragón;22 Huesca;Total ;2018;553.000
Total Nacional;02 Aragón;22 Huesca;Residentes en el Extranjero;2022;125.000
Total Nacional;02 Aragón;22 Huesca;Residentes en el Extranjero;2021;49.000
Total Nacional;02 Aragón;22 Huesca;Residentes en el Extranjero;2020;38.000
Total Nacional;02 Aragón;22 Huesca;Residentes en el Extranjero;2019;97.000
Total Nacional;02 Aragón;22 Huesca;Residentes en el Extranjero;2018;85.000
Total Nacional;02 Aragón;22 Huesca;Residentes en España;2022;763.000
Total Nacional;02 Aragón;22 Huesca;Residentes en España;2021;516.000
Total Nacional;02 Aragón;22 Huesca;Residentes en España;2020;424.000
Total Nacional;02 Aragón;22 Huesca;Residentes en España;2019;550.000
Total Nacional;02 Aragón;22 Huesca;Residentes en España;2018;467.000
Total Nacional;01 Andalucía;;Total ;2022;28.786.000
Total Nacional;01 Andalucía;;Total ;2021;16.109.000
Total Nacional;01 Andalucía;;Total ;2020;10.286.000
Total Nacional;01 Andalucía;;Total ;2019;24.945.000
Total Nacional;01 Andalucía;;Total ;2018;21.111.000
Total Nacional;01 Andalucía;;Residentes en el Extranjero;2022;16.410.000
Total Nacional;01 Andalucía;;Residentes en el Extranjero;2021;6.674.000
Total Nacional;01 Andalucía;;Residentes en el Extranjero;2020;4.055.000
Total Nacional;01 Andalucía;;Residentes en el Extranjero;2019;15.598.000
Total Nacional;01 Andalucía;;Residentes en el Extranjero;2018;13.317.000
Total Nacional;01 Andalucía;;Residentes en España;2022;12.375.000
Total Nacional;01 Andalucía;;Residentes en España;2021;9.435.000
Total Nacional;01 Andalucía;;Residentes en España;2020;6.231.000
Total Nacional;01 Andalucía;;Residentes en España;2019;9.347.000
Total Nacional;01 Andalucía;;Residentes en España;2018;7.793.000
Total Nacional;01 Andalucía;41 Sevilla;Total ;2022;4.167.000
Total Nacional;01 Andalucía;41 Sevilla;Total ;2021;1.769.000
Total Nacional;01 Andalucía;41 Sevilla;Total ;2020;1.234.000
Total Nacional;01 Andalucía;41 Sevilla;Total ;2019;4.125.000
Total Nacional;01 Andalucía;41 Sevilla;Total ;2018;3.242.000
Total Nacional;01 Andalucía;41 Sevilla;Residentes en el Extranjero;2022;2.725.000
Total Nacional;01 Andalucía;41 Sevilla;Residentes en el Extranjero;2021;929.000
Total Nacional;01 Andalucía;41 Sevilla;Residentes en el Extranjero;2020;701.000
Total Nacional;01 Andalucía;41 Sevilla;Residentes en el Extranjero;2019;2.995.000
Total Nacional;01 Andalucía;41 Sevilla;Residentes en el Extranjero;2018;2.339.000
Total Nacional;01 Andalucía;41 Sevilla;Residentes en España;2022;1.442.000
Total Nacional;01 Andalucía;41 Sevilla;Residentes en España;2021;840.000
Total Nacional;01 Andalucía;41 Sevilla;Residentes en España;2020;533.000
Total Nacional;01 Andalucía;41 Sevilla;Residentes en España;2019;1.130.000
Total Nacional;01 Andalucía;41 Sevilla;Residentes en España;2018;903.000
Total Nacional;01 Andalucía;29 Málaga;Total ;2022;14.318.000
Total Nacional;01 Andalucía;29 Málaga;Total ;2021;7.812.000
Total Nacional;01 Andalucía;29 Málaga;Total ;2020;4.632.000
Total Nacional;01 Andalucía;29 Málaga;Total ;2019;12.088.000
Total Nacional;01 Andalucía;29 Málaga;Total ;2018;10.202.000
Total Nacional;01 Andalucía;29 Málaga;Residentes en el Extranjero;2022;10.305.000
Total Nacional;01 Andalucía;29 Málaga;Residentes en el Extranjero;2021;4.358.000
Total Nacional;01 Andalucía;29 Málaga;Residentes en el Extranjero;2020;2.465.000
Total Nacional;01 Andalucía;29 Málaga;Residentes en el Extranjero;2019;9.148.000
Total Nacional;01 Andalucía;29 Málaga;Residentes en el Extranjero;2018;7.830.000
Total Nacional;01 Andalucía;29 Málaga;Residentes en España;2022;4.013.000
Total Nacional;01 Andalucía;29 Málaga;Residentes en España;2021;3.454.000
Total Nacional;01 Andalucía;29 Málaga;Residentes en España;2020;2.168.000
Total Nacional;01 Andalucía;29 Málaga;Residentes en España;2019;2.940.000
Total Nacional;01 Andalucía;29 Málaga;Residentes en España;2018;2.372.000
Total Nacional;01 Andalucía;23 Jaén;Total ;2022;359.000
Total Nacional;01 Andalucía;23 Jaén;Total ;2021;212.000
Total Nacional;01 Andalucía;23 Jaén;Total ;2020;140.000
Total Nacional;01 Andalucía;23 Jaén;Total ;2019;209.000
Total Nacional;01 Andalucía;23 Jaén;Total ;2018;163.000
Total Nacional;01 Andalucía;23 Jaén;Residentes en el Extranjero;2022;38.000
Total Nacional;01 Andalucía;23 Jaén;Residentes en el Extranjero;2021;14.000
Total Nacional;01 Andalucía;23 Jaén;Residentes en el Extranjero;2020;8.000
Total Nacional;01 Andalucía;23 Jaén;Residentes en el Extranjero;2019;27.000
Total Nacional;01 Andalucía;23 Jaén;Residentes en el Extranjero;2018;24.000
Total Nacional;01 Andalucía;23 Jaén;Residentes en España;2022;321.000
Total Nacional;01 Andalucía;23 Jaén;Residentes en España;2021;198.000
Total Nacional;01 Andalucía;23 Jaén;Residentes en España;2020;132.000
Total Nacional;01 Andalucía;23 Jaén;Residentes en España;2019;182.000
Total Nacional;01 Andalucía;23 Jaén;Residentes en España;2018;139.000
Total Nacional;01 Andalucía;21 Huelva;Total ;2022;730.000
Total Nacional;01 Andalucía;21 Huelva;Total ;2021;549.000
Total Nacional;01 Andalucía;21 Huelva;Total ;2020;370.000
Total Nacional;01 Andalucía;21 Huelva;Total ;2019;589.000
Total Nacional;01 Andalucía;21 Huelva;Total ;2018;538.000
Total Nacional;01 Andalucía;21 Huelva;Residentes en el Extranjero;2022;162.000
Total Nacional;01 Andalucía;21 Huelva;Residentes en el Extranjero;2021;58.000
Total Nacional;01 Andalucía;21 Huelva;Residentes en el Extranjero;2020;38.000
Total Nacional;01 Andalucía;21 Huelva;Residentes en el Extranjero;2019;148.000
Total Nacional;01 Andalucía;21 Huelva;Residentes en el Extranjero;2018;140.000
Total Nacional;01 Andalucía;21 Huelva;Residentes en España;2022;568.000
Total Nacional;01 Andalucía;21 Huelva;Residentes en España;2021;491.000
Total Nacional;01 Andalucía;21 Huelva;Residentes en España;2020;331.000
Total Nacional;01 Andalucía;21 Huelva;Residentes en España;2019;441.000
Total Nacional;01 Andalucía;21 Huelva;Residentes en España;2018;398.000
Total Nacional;01 Andalucía;18 Granada;Total ;2022;2.863.000
Total Nacional;01 Andalucía;18 Granada;Total ;2021;1.512.000
Total Nacional;01 Andalucía;18 Granada;Total ;2020;1.149.000
Total Nacional;01 Andalucía;18 Granada;Total ;2019;2.733.000
Total Nacional;01 Andalucía;18 Granada;Total ;2018;2.424.000
Total Nacional;01 Andalucía;18 Granada;Residentes en el Extranjero;2022;1.273.000
Total Nacional;01 Andalucía;18 Granada;Residentes en el Extranjero;2021;478.000
Total Nacional;01 Andalucía;18 Granada;Residentes en el Extranjero;2020;357.000
Total Nacional;01 Andalucía;18 Granada;Residentes en el Extranjero;2019;1.436.000
Total Nacional;01 Andalucía;18 Granada;Residentes en el Extranjero;2018;1.295.000
Total Nacional;01 Andalucía;18 Granada;Residentes en España;2022;1.590.000
Total Nacional;01 Andalucía;18 Granada;Residentes en España;2021;1.034.000
Total Nacional;01 Andalucía;18 Granada;Residentes en España;2020;792.000
Total Nacional;01 Andalucía;18 Granada;Residentes en España;2019;1.297.000
Total Nacional;01 Andalucía;18 Granada;Residentes en España;2018;1.130.000
Total Nacional;01 Andalucía;14 Córdoba;Total ;2022;906.000
Total Nacional;01 Andalucía;14 Córdoba;Total ;2021;413.000
Total Nacional;01 Andalucía;14 Córdoba;Total ;2020;264.000
Total Nacional;01 Andalucía;14 Córdoba;Total ;2019;791.000
Total Nacional;01 Andalucía;14 Córdoba;Total ;2018;643.000
Total Nacional;01 Andalucía;14 Córdoba;Residentes en el Extranjero;2022;344.000
Total Nacional;01 Andalucía;14 Córdoba;Residentes en el Extranjero;2021;115.000
Total Nacional;01 Andalucía;14 Córdoba;Residentes en el Extranjero;2020;73.000
Total Nacional;01 Andalucía;14 Córdoba;Residentes en el Extranjero;2019;353.000
Total Nacional;01 Andalucía;14 Córdoba;Residentes en el Extranjero;2018;297.000
Total Nacional;01 Andalucía;14 Córdoba;Residentes en España;2022;562.000
Total Nacional;01 Andalucía;14 Córdoba;Residentes en España;2021;298.000
Total Nacional;01 Andalucía;14 Córdoba;Residentes en España;2020;191.000
Total Nacional;01 Andalucía;14 Córdoba;Residentes en España;2019;438.000
Total Nacional;01 Andalucía;14 Córdoba;Residentes en España;2018;347.000
Total Nacional;01 Andalucía;11 Cádiz;Total ;2022;3.842.000
Total Nacional;01 Andalucía;11 Cádiz;Total ;2021;2.628.000
Total Nacional;01 Andalucía;11 Cádiz;Total ;2020;1.747.000
Total Nacional;01 Andalucía;11 Cádiz;Total ;2019;3.072.000
Total Nacional;01 Andalucía;11 Cádiz;Total ;2018;2.655.000
Total Nacional;01 Andalucía;11 Cádiz;Residentes en el Extranjero;2022;1.136.000
Total Nacional;01 Andalucía;11 Cádiz;Residentes en el Extranjero;2021;537.000
Total Nacional;01 Andalucía;11 Cádiz;Residentes en el Extranjero;2020;297.000
Total Nacional;01 Andalucía;11 Cádiz;Residentes en el Extranjero;2019;1.099.000
Total Nacional;01 Andalucía;11 Cádiz;Residentes en el Extranjero;2018;1.011.000
Total Nacional;01 Andalucía;11 Cádiz;Residentes en España;2022;2.706.000
Total Nacional;01 Andalucía;11 Cádiz;Residentes en España;2021;2.091.000
Total Nacional;01 Andalucía;11 Cádiz;Residentes en España;2020;1.450.000
Total Nacional;01 Andalucía;11 Cádiz;Residentes en España;2019;1.973.000
Total Nacional;01 Andalucía;11 Cádiz;Residentes en España;2018;1.644.000
Total Nacional;01 Andalucía;04 Almería;Total ;2022;1.598.000
Total Nacional;01 Andalucía;04 Almería;Total ;2021;1.214.000
Total Nacional;01 Andalucía;04 Almería;Total ;2020;750.000
Total Nacional;01 Andalucía;04 Almería;Total ;2019;1.337.000
Total Nacional;01 Andalucía;04 Almería;Total ;2018;1.243.000
Total Nacional;01 Andalucía;04 Almería;Residentes en el Extranjero;2022;426.000
Total Nacional;01 Andalucía;04 Almería;Residentes en el Extranjero;2021;185.000
Total Nacional;01 Andalucía;04 Almería;Residentes en el Extranjero;2020;116.000
Total Nacional;01 Andalucía;04 Almería;Residentes en el Extranjero;2019;392.000
Total Nacional;01 Andalucía;04 Almería;Residentes en el Extranjero;2018;383.000
Total Nacional;01 Andalucía;04 Almería;Residentes en España;2022;1.172.000
Total Nacional;01 Andalucía;04 Almería;Residentes en España;2021;1.029.000
Total Nacional;01 Andalucía;04 Almería;Residentes en España;2020;633.000
Total Nacional;01 Andalucía;04 Almería;Residentes en España;2019;945.000
Total Nacional;01 Andalucía;04 Almería;Residentes en España;2018;860.000
